Model,Feature_Extraction_Method,Train_Accuracy,Validation_Accuracy,Test_Accuracy,Train_F1,Validation_F1,Test_F1,Train_Precision,Validation_Precision,Test_Precision,Train_Recall,Validation_Recall,Test_Recall,Train_AUC,Validation_AUC,Test_AUC
Logistic Regression,Bag of Words,0.7993920972644377,0.23598130841121495,0.22257300710339384,0.7994432115227321,0.23997836838725464,0.23286469593064962,0.7993920972644377,0.23598130841121495,0.22257300710339384,0.7983285572181701,0.235264592681975,0.2247595879602873,0.9632974916914457,0.5797044308974935,0.5595653567146074
Decision Tree,Bag of Words,0.8782457663916631,0.2071651090342679,0.1957379636937648,0.9000594064846866,0.21535637263987226,0.20474399951772673,0.8782457663916631,0.2071651090342679,0.1957379636937648,0.8817605006697445,0.20452683695200038,0.19398278809591432,0.9819907657703274,0.5232694585122818,0.5205924428857344
Random Forest,Bag of Words,0.9354754667824576,0.23442367601246106,0.2052091554853986,0.9507340082593748,0.266123854384262,0.25480529958253706,0.9354754667824576,0.23442367601246106,0.2052091554853986,0.9387197736890469,0.2201632271524097,0.20376965824249968,0.9978639845446478,0.5871820122882426,0.5712381151705133
SVM,Bag of Words,0.8594007815892314,0.2507788161993769,0.24388318863456984,0.8652602079739682,0.25428723515162455,0.25868678125724237,0.8594007815892314,0.2507788161993769,0.24388318863456984,0.8594952082424077,0.23997274073119507,0.23684900825712246,0.9733409725726726,0.6058972734962706,0.587345386668374
KNN,Bag of Words,0.18549717759444204,0.0911214953271028,0.07419100236779795,0.3483120609401049,0.10594155100210122,0.13075004128419918,0.18549717759444204,0.0911214953271028,0.07419100236779795,0.06132382482505201,0.016580829542223847,0.014444393087873628,0.913988209986407,0.5244435770646574,0.5196194711135497
Gaussian NB,Bag of Words,0.6455927051671733,0.17523364485981308,0.17916337805840568,0.7530968564677119,0.2279121100355229,0.21559765949285514,0.6455927051671733,0.17523364485981308,0.17916337805840568,0.6404337063874477,0.1679960744559301,0.16907117015113227,0.8002868305601262,0.5203969609173793,0.5208186476532276
AdaBoost,Bag of Words,0.25245332175423363,0.16277258566978192,0.13733228097868982,0.21941676748902025,0.1782015963500207,0.19819684939187493,0.25245332175423363,0.16277258566978192,0.13733228097868982,0.17438159453567256,0.12316640997165129,0.10941417976341619,0.5864611243390364,0.5552434353976728,0.5419086804253568
Extra Trees,Bag of Words,0.6910117238384715,0.20638629283489096,0.1878453038674033,0.8221504629424405,0.25022404409679416,0.2513778237472792,0.6910117238384715,0.20638629283489096,0.1878453038674033,0.708094404707453,0.18620497158764646,0.17628279706006575,0.9321781949873603,0.5874132790056538,0.5837872559520176
XGBoost,Bag of Words,0.8283108988276161,0.2383177570093458,0.23599052880820837,0.8301314063273909,0.2409056393642657,0.23480361153609208,0.8283108988276161,0.2383177570093458,0.23599052880820837,0.8288872457237031,0.23819741981159942,0.23470668567718467,0.9727082482988032,0.5793631558864029,0.5657393664889312
Logistic Regression,TF-IDF,0.6625271385149805,0.23286604361370716,0.22415153906866614,0.6631766280999298,0.2338232763498674,0.23163832361040737,0.6625271385149805,0.23286604361370716,0.22415153906866614,0.6571495097056287,0.22904776441823868,0.2239638335100313,0.9079364591102532,0.5951888344215758,0.575225188565076
Decision Tree,TF-IDF,0.6485453755970473,0.20171339563862928,0.19731649565903708,0.8083636731174806,0.20298095385636672,0.1962442656514273,0.6485453755970473,0.20171339563862928,0.19731649565903708,0.672515651263029,0.18525365267059418,0.17465950910138595,0.9037583710833876,0.5132599971393618,0.5161063055407589
Random Forest,TF-IDF,0.9804602692140686,0.2570093457943925,0.2541436464088398,0.9811677626282512,0.26275106600841674,0.25604724154800784,0.9804602692140686,0.2570093457943925,0.2541436464088398,0.980525861163059,0.24572485904867183,0.23930636401933014,0.9992859102044315,0.6060153301722493,0.5892651792150533
SVM,TF-IDF,0.9533651758575771,0.2616822429906542,0.2517758484609313,0.9549639954229572,0.29670387712973634,0.27667384171466863,0.9533651758575771,0.2616822429906542,0.2517758484609313,0.9535055842625498,0.24842445690325926,0.23685294258541584,0.996123432922067,0.6132353411610999,0.5925984730370465
KNN,TF-IDF,0.19183673469387755,0.09579439252336448,0.07261247040252565,0.3953211412869094,0.26388183980547003,0.10905337186322861,0.19183673469387755,0.09579439252336448,0.07261247040252565,0.07427394361490636,0.027273706590939573,0.01430378577789795,0.7867546024399913,0.5503411852336587,0.5311334872501632
Gaussian NB,TF-IDF,0.6598349978289189,0.17834890965732086,0.17995264404104183,0.7633707249349541,0.2233779307342975,0.2178679628927363,0.6598349978289189,0.17834890965732086,0.17995264404104183,0.6558194570257246,0.1752898084790356,0.17697332854843148,0.8072522622731448,0.5206308677185087,0.5202026883746061
AdaBoost,TF-IDF,0.25392965696917064,0.2102803738317757,0.19968429360694553,0.24114015321197096,0.17464695405278746,0.148687932955287,0.25392965696917064,0.2102803738317757,0.19968429360694553,0.19021623234248983,0.1461000131642455,0.13130678786714733,0.6043308553571165,0.5385911348439179,0.5456354266741733
Extra Trees,TF-IDF,0.5857577073382545,0.21884735202492211,0.21468034727703236,0.7894223526721187,0.2640263997816973,0.31186946271817706,0.5857577073382545,0.21884735202492211,0.21468034727703236,0.5840134493046629,0.16988431792443487,0.16156081674900036,0.9155856361142464,0.5834584034363521,0.5767313128747483
XGBoost,TF-IDF,0.9849761181068172,0.24376947040498442,0.2138910812943962,0.9850255781508731,0.24489508381216946,0.21162432525712196,0.9849761181068172,0.24376947040498442,0.2138910812943962,0.984983191622458,0.24329060411879305,0.21202641826232996,0.9995300065864102,0.5734346480090116,0.5565362012220499
Logistic Regression,glove.6B.300d_mean,0.3238384715588363,0.21884735202492211,0.21310181531176006,0.3150788672538284,0.23002401651674578,0.23456018987323424,0.3238384715588363,0.21884735202492211,0.21310181531176006,0.3096313554499151,0.21272796700225372,0.21174569735282775,0.6779728401647152,0.573715946452608,0.5663705349778627
Decision Tree,glove.6B.300d_mean,0.9984368215371255,0.20015576323987538,0.1941594317284925,0.9984462956143029,0.204626225840551,0.20018826878802984,0.9984368215371255,0.20015576323987538,0.1941594317284925,0.9984382827878843,0.201132876091466,0.19641087185073342,0.9999985184976016,0.5176080513934153,0.5119968336440965
Random Forest,glove.6B.300d_mean,0.9984368215371255,0.24221183800623053,0.20441988950276244,0.9984442518982913,0.24126329196985233,0.20729661504929298,0.9984368215371255,0.24221183800623053,0.20441988950276244,0.9984380751669758,0.23236265218648314,0.19598094628220256,0.9999932357962594,0.5776402803389447,0.5533824919655176
SVM,glove.6B.300d_mean,0.49743812418584454,0.23909657320872274,0.23362273086029992,0.516321875595694,0.2579053875263655,0.25626733337269003,0.49743812418584454,0.23909657320872274,0.23362273086029992,0.4802588972928815,0.22718291095799104,0.22322984139724047,0.8141918620258434,0.5880703451782076,0.5819257240483386
KNN,glove.6B.300d_mean,0.273643074250977,0.1526479750778816,0.13180741910023677,0.34459462320012907,0.24346477430575603,0.22442628682519614,0.273643074250977,0.1526479750778816,0.13180741910023677,0.21366359859177525,0.12362899513912039,0.11856630072869156,0.7254368512576237,0.5560086041953243,0.5463211866560059
Gaussian NB,glove.6B.300d_mean,0.2687798523664785,0.18847352024922118,0.18389897395422258,0.26889131091212265,0.21277520734377336,0.2075341874927326,0.2687798523664785,0.18847352024922118,0.18389897395422258,0.21896666259782005,0.16584467199235542,0.15999424096607806,0.6127328834216126,0.5462995426524543,0.5508699441820477
AdaBoost,glove.6B.300d_mean,0.2778115501519757,0.19937694704049844,0.18547750591949486,0.25839292801523767,0.23830922507844415,0.20996187604838004,0.2778115501519757,0.19937694704049844,0.18547750591949486,0.24470175991404447,0.1795421163727334,0.1768030662714425,0.6213194767895771,0.5545235086898722,0.5603088886647059
Extra Trees,glove.6B.300d_mean,0.9984368215371255,0.2484423676012461,0.23520126282557222,0.9984426769730501,0.24489452180220492,0.25347849901637465,0.9984368215371255,0.2484423676012461,0.23520126282557222,0.9984379747061057,0.23175460001144152,0.22373682763082725,0.9999985184976016,0.5960379066642975,0.5814300626572295
XGBoost,glove.6B.300d_mean,0.9985236647850629,0.23753894080996885,0.20363062352012629,0.9985272877939694,0.23782517214350132,0.20280354917436924,0.9985236647850629,0.23753894080996885,0.20363062352012629,0.9985244786607324,0.23518178624102704,0.20178009879084377,0.9999986460664572,0.5722004091613998,0.5479644710278674
Logistic Regression,glove.6B.300d_max,0.3238384715588363,0.21884735202492211,0.21310181531176006,0.3150788672538284,0.23002401651674578,0.23456018987323424,0.3238384715588363,0.21884735202492211,0.21310181531176006,0.3096313554499151,0.21272796700225372,0.21174569735282775,0.6779728401647152,0.573715946452608,0.5663705349778627
Decision Tree,glove.6B.300d_max,0.9984368215371255,0.19003115264797507,0.19494869771112866,0.9984462956143029,0.1932234084884268,0.19947715103923352,0.9984368215371255,0.19003115264797507,0.19494869771112866,0.9984382827878843,0.19044618744374822,0.19678612600393566,0.9999985184976016,0.5106289591645985,0.5122178584544714
Random Forest,glove.6B.300d_max,0.9984368215371255,0.22274143302180685,0.21862667719021311,0.998437958257173,0.22693903802831766,0.2306429104785459,0.9984368215371255,0.22274143302180685,0.21862667719021311,0.9984371390821082,0.21358120423313076,0.21291405791729262,0.9999893056919192,0.5695146726541804,0.5676120728558821
SVM,glove.6B.300d_max,0.49743812418584454,0.23909657320872274,0.23362273086029992,0.516321875595694,0.2579053875263655,0.25626733337269003,0.49743812418584454,0.23909657320872274,0.23362273086029992,0.4802588972928815,0.22718291095799104,0.22322984139724047,0.8143256027008011,0.5879786028351076,0.5819214690003701
KNN,glove.6B.300d_max,0.273643074250977,0.1526479750778816,0.13180741910023677,0.34459462320012907,0.24346477430575603,0.22442628682519614,0.273643074250977,0.1526479750778816,0.13180741910023677,0.21366359859177525,0.12362899513912039,0.11856630072869156,0.7254368512576237,0.5560086041953243,0.5463211866560059
Gaussian NB,glove.6B.300d_max,0.2687798523664785,0.18847352024922118,0.18389897395422258,0.26889131091212265,0.21277520734377336,0.2075341874927326,0.2687798523664785,0.18847352024922118,0.18389897395422258,0.21896666259782005,0.16584467199235542,0.15999424096607806,0.6127328834216126,0.5462995426524543,0.5508699441820477
AdaBoost,glove.6B.300d_max,0.2778115501519757,0.19937694704049844,0.18547750591949486,0.25839292801523767,0.23830922507844415,0.20996187604838004,0.2778115501519757,0.19937694704049844,0.18547750591949486,0.24470175991404447,0.1795421163727334,0.1768030662714425,0.6213194767895771,0.5545235086898722,0.5603088886647059
Extra Trees,glove.6B.300d_max,0.9984368215371255,0.2523364485981308,0.22336227308603,0.9984380880983244,0.25268717982976374,0.23080653441316845,0.9984368215371255,0.2523364485981308,0.22336227308603,0.9984372056662046,0.2351236011777873,0.21043139468111302,0.9999985184976016,0.5876260772007135,0.5939299342583212
XGBoost,glove.6B.300d_max,0.9985236647850629,0.23753894080996885,0.20363062352012629,0.9985272877939694,0.23782517214350132,0.20280354917436924,0.9985236647850629,0.23753894080996885,0.20363062352012629,0.9985244786607324,0.23518178624102704,0.20178009879084377,0.9999986460664572,0.5722004091613998,0.5479644710278674
Logistic Regression,glove.6B.300d_sum,0.3238384715588363,0.21884735202492211,0.21310181531176006,0.3150788672538284,0.23002401651674578,0.23456018987323424,0.3238384715588363,0.21884735202492211,0.21310181531176006,0.3096313554499151,0.21272796700225372,0.21174569735282775,0.6779728401647152,0.573715946452608,0.5663705349778627
Decision Tree,glove.6B.300d_sum,0.9984368215371255,0.1970404984423676,0.1878453038674033,0.9984462956143029,0.2008628942473264,0.19214729321761873,0.9984368215371255,0.1970404984423676,0.1878453038674033,0.9984382827878843,0.19813431250545904,0.18920071368632252,0.9999985184976016,0.5150872341290136,0.5083143751798008
Random Forest,glove.6B.300d_sum,0.9984368215371255,0.21806853582554517,0.23599052880820837,0.9984386183838467,0.21200818010035838,0.24360754487637934,0.9984368215371255,0.21806853582554517,0.23599052880820837,0.9984372654912876,0.20665971170997274,0.2286308017705073,0.9999877341658913,0.564153139425275,0.55988613270314
SVM,glove.6B.300d_sum,0.49743812418584454,0.23909657320872274,0.23362273086029992,0.516321875595694,0.2579053875263655,0.25626733337269003,0.49743812418584454,0.23909657320872274,0.23362273086029992,0.4802588972928815,0.22718291095799104,0.22322984139724047,0.8141612394151954,0.5879652549180753,0.5820240804986392
KNN,glove.6B.300d_sum,0.273643074250977,0.1526479750778816,0.13180741910023677,0.34459462320012907,0.24346477430575603,0.22442628682519614,0.273643074250977,0.1526479750778816,0.13180741910023677,0.21366359859177525,0.12362899513912039,0.11856630072869156,0.7254368512576237,0.5560086041953243,0.5463211866560059
Gaussian NB,glove.6B.300d_sum,0.2687798523664785,0.18847352024922118,0.18389897395422258,0.26889131091212265,0.21277520734377336,0.2075341874927326,0.2687798523664785,0.18847352024922118,0.18389897395422258,0.21896666259782005,0.16584467199235542,0.15999424096607806,0.6127328834216126,0.5462995426524543,0.5508699441820477
AdaBoost,glove.6B.300d_sum,0.2778115501519757,0.19937694704049844,0.18547750591949486,0.25839292801523767,0.23830922507844415,0.20996187604838004,0.2778115501519757,0.19937694704049844,0.18547750591949486,0.24470175991404447,0.1795421163727334,0.1768030662714425,0.6213194767895771,0.5545235086898722,0.5603088886647059
Extra Trees,glove.6B.300d_sum,0.9984368215371255,0.2484423676012461,0.23677979479084452,0.9984400102542214,0.24390728346849594,0.2343478132395172,0.9984368215371255,0.2484423676012461,0.23677979479084452,0.9984374843122262,0.23338515671124843,0.22189420472550125,0.9999985184976016,0.5865352348097224,0.5975215378766124
XGBoost,glove.6B.300d_sum,0.9985236647850629,0.23753894080996885,0.20363062352012629,0.9985272877939694,0.23782517214350132,0.20280354917436924,0.9985236647850629,0.23753894080996885,0.20363062352012629,0.9985244786607324,0.23518178624102704,0.20178009879084377,0.9999986460664572,0.5722004091613998,0.5479644710278674
Logistic Regression,glove.twitter.27B.200d_mean,0.30664350846721666,0.2102803738317757,0.2154696132596685,0.29591179023144154,0.22324965280896472,0.2368541605026753,0.30664350846721666,0.2102803738317757,0.2154696132596685,0.2918627275849869,0.20444953949507222,0.21545711872817946,0.6604744498978298,0.5817993655869976,0.5632962990217838
Decision Tree,glove.twitter.27B.200d_mean,0.9993052540165002,0.1954828660436137,0.19968429360694553,0.9993063098313568,0.20245877924528066,0.2012843840748745,0.9993052540165002,0.1954828660436137,0.19968429360694553,0.9993053359875682,0.19790532297605762,0.19983316672910248,0.999999680261161,0.5144089007892643,0.514386806390623
Random Forest,glove.twitter.27B.200d_mean,0.9993052540165002,0.23753894080996885,0.21625887924230466,0.999306347745176,0.23920707320572474,0.22393894499824324,0.9993052540165002,0.23753894080996885,0.21625887924230466,0.9993052486037948,0.22931389058865104,0.21002899740129125,0.9999950461886871,0.5919706641825507,0.5504263836575158
SVM,glove.twitter.27B.200d_mean,0.4032132001736865,0.2398753894080997,0.22336227308603,0.42406068600766644,0.2837897449306384,0.2473324270098586,0.4032132001736865,0.2398753894080997,0.22336227308603,0.3750147093923559,0.2231005948515714,0.20924674589957246,0.7510416575263247,0.58954919152061,0.581219234847853
KNN,glove.twitter.27B.200d_mean,0.2496743378202345,0.13395638629283488,0.122336227308603,0.33588403108850207,0.24460997311349184,0.24770998524269824,0.2496743378202345,0.13395638629283488,0.122336227308603,0.17691004744662517,0.10478853832773934,0.10169038934683264,0.7280811852131556,0.559477667664419,0.5455049272191042
Gaussian NB,glove.twitter.27B.200d_mean,0.2732957012592271,0.19314641744548286,0.19179163378058406,0.26054526606284667,0.22087614276694095,0.23809635151554964,0.2732957012592271,0.19314641744548286,0.19179163378058406,0.23335539963180407,0.17783144688048172,0.1827045949227334,0.6174018430220152,0.5517060230492966,0.5483483285513718
AdaBoost,glove.twitter.27B.200d_mean,0.27833260963960055,0.20950155763239875,0.2138910812943962,0.2671422742933658,0.2534967504538315,0.24655875909259467,0.27833260963960055,0.20950155763239875,0.2138910812943962,0.25370182646093303,0.1976878969250938,0.20601839776061193,0.6345735355058796,0.5700115030311411,0.5607344702756155
Extra Trees,glove.twitter.27B.200d_mean,0.9993052540165002,0.22897196261682243,0.2217837411207577,0.9993064627390114,0.23509135401166628,0.25066933615521325,0.9993052540165002,0.22897196261682243,0.2217837411207577,0.9993054124352296,0.21420516405290965,0.21354512263046646,0.9999996258237812,0.5846681807133904,0.5785654064175795
XGBoost,glove.twitter.27B.200d_mean,0.9993052540165002,0.24143302180685358,0.2107340173638516,0.9993056588824365,0.24100242496213453,0.21261164120015297,0.9993052540165002,0.24143302180685358,0.2107340173638516,0.9993052406409002,0.23932872668162034,0.21080078315108233,0.9999996710235004,0.5751329558223518,0.5478779447673772
Logistic Regression,glove.twitter.27B.200d_max,0.30664350846721666,0.2102803738317757,0.2154696132596685,0.29591179023144154,0.22324965280896472,0.2368541605026753,0.30664350846721666,0.2102803738317757,0.2154696132596685,0.2918627275849869,0.20444953949507222,0.21545711872817946,0.6604744498978298,0.5817993655869976,0.5632962990217838
Decision Tree,glove.twitter.27B.200d_max,0.9993052540165002,0.1954828660436137,0.21310181531176006,0.9993063098313568,0.20210107868058452,0.2174750741919511,0.9993052540165002,0.1954828660436137,0.21310181531176006,0.9993053359875682,0.19772960043063706,0.2137937110669764,0.999999680261161,0.5145341655826994,0.5241125137660052
Random Forest,glove.twitter.27B.200d_max,0.9993052540165002,0.22274143302180685,0.2217837411207577,0.9993064627390114,0.22551741287164087,0.2201399865591,0.9993052540165002,0.22274143302180685,0.2217837411207577,0.9993054124352296,0.21407298897580124,0.21128267150199065,0.9999987589199801,0.5565240507124856,0.563759744083772
SVM,glove.twitter.27B.200d_max,0.4032132001736865,0.2398753894080997,0.22336227308603,0.42406068600766644,0.2837897449306384,0.2473324270098586,0.4032132001736865,0.2398753894080997,0.22336227308603,0.3750147093923559,0.2231005948515714,0.20924674589957246,0.7510435736332608,0.5892658056302599,0.5810646885119835
KNN,glove.twitter.27B.200d_max,0.2496743378202345,0.13395638629283488,0.122336227308603,0.33588403108850207,0.24460997311349184,0.24770998524269824,0.2496743378202345,0.13395638629283488,0.122336227308603,0.17691004744662517,0.10478853832773934,0.10169038934683264,0.7280811852131556,0.559477667664419,0.5455049272191042
Gaussian NB,glove.twitter.27B.200d_max,0.2732957012592271,0.19314641744548286,0.19179163378058406,0.26054526606284667,0.22087614276694095,0.23809635151554964,0.2732957012592271,0.19314641744548286,0.19179163378058406,0.23335539963180407,0.17783144688048172,0.1827045949227334,0.6174018430220152,0.5517060230492966,0.5483483285513718
AdaBoost,glove.twitter.27B.200d_max,0.27833260963960055,0.20950155763239875,0.2138910812943962,0.2671422742933658,0.2534967504538315,0.24655875909259467,0.27833260963960055,0.20950155763239875,0.2138910812943962,0.25370182646093303,0.1976878969250938,0.20601839776061193,0.6345735355058796,0.5700115030311411,0.5607344702756155
Extra Trees,glove.twitter.27B.200d_max,0.9993052540165002,0.24766355140186916,0.2154696132596685,0.9993056491133796,0.26086566681635337,0.22666401046098666,0.9993052540165002,0.24766355140186916,0.2154696132596685,0.999305319435182,0.23688761305785883,0.2030180551409193,0.999999644068161,0.5938101672947274,0.5701112282497771
XGBoost,glove.twitter.27B.200d_max,0.9993052540165002,0.24143302180685358,0.2107340173638516,0.9993056588824365,0.24100242496213453,0.21261164120015297,0.9993052540165002,0.24143302180685358,0.2107340173638516,0.9993052406409002,0.23932872668162034,0.21080078315108233,0.9999996710235004,0.5751329558223518,0.5478779447673772
Logistic Regression,glove.twitter.27B.200d_sum,0.30664350846721666,0.2102803738317757,0.2154696132596685,0.29591179023144154,0.22324965280896472,0.2368541605026753,0.30664350846721666,0.2102803738317757,0.2154696132596685,0.2918627275849869,0.20444953949507222,0.21545711872817946,0.6604744498978298,0.5817993655869976,0.5632962990217838
Decision Tree,glove.twitter.27B.200d_sum,0.9993052540165002,0.1985981308411215,0.19731649565903708,0.9993063098313568,0.20508656501558425,0.20082005877363496,0.9993052540165002,0.1985981308411215,0.19731649565903708,0.9993053359875682,0.20075681961901867,0.19749097138293828,0.999999680261161,0.5166139287009391,0.5148660449360133
Random Forest,glove.twitter.27B.200d_sum,0.9993052540165002,0.23286604361370716,0.21468034727703236,0.9993057476542206,0.23861484711407788,0.21700353163789377,0.9993052540165002,0.23286604361370716,0.21468034727703236,0.9993053217423654,0.2244667834332991,0.20520728117659062,0.9999807790836688,0.5719778939415421,0.5572654717620769
SVM,glove.twitter.27B.200d_sum,0.4032132001736865,0.2398753894080997,0.22336227308603,0.42406068600766644,0.2837897449306384,0.2473324270098586,0.4032132001736865,0.2398753894080997,0.22336227308603,0.3750147093923559,0.2231005948515714,0.20924674589957246,0.7505069266346813,0.5896572754164926,0.5809046295890393
KNN,glove.twitter.27B.200d_sum,0.2496743378202345,0.13395638629283488,0.122336227308603,0.33588403108850207,0.24460997311349184,0.24770998524269824,0.2496743378202345,0.13395638629283488,0.122336227308603,0.17691004744662517,0.10478853832773934,0.10169038934683264,0.7280811852131556,0.559477667664419,0.5455049272191042
Gaussian NB,glove.twitter.27B.200d_sum,0.2732957012592271,0.19314641744548286,0.19179163378058406,0.26054526606284667,0.22087614276694095,0.23809635151554964,0.2732957012592271,0.19314641744548286,0.19179163378058406,0.23335539963180407,0.17783144688048172,0.1827045949227334,0.6174018430220152,0.5517060230492966,0.5483483285513718
AdaBoost,glove.twitter.27B.200d_sum,0.27833260963960055,0.20950155763239875,0.2138910812943962,0.2671422742933658,0.2534967504538315,0.24655875909259467,0.27833260963960055,0.20950155763239875,0.2138910812943962,0.25370182646093303,0.1976878969250938,0.20601839776061193,0.6345735355058796,0.5700115030311411,0.5607344702756155
Extra Trees,glove.twitter.27B.200d_sum,0.9993052540165002,0.24299065420560748,0.2249408050513023,0.9993058544942959,0.25303717686772476,0.23982539311894155,0.9993052540165002,0.24299065420560748,0.2249408050513023,0.9993053702886239,0.22924247422652919,0.21373374601530337,0.9999996258237812,0.5965959035868523,0.5779739605471346
XGBoost,glove.twitter.27B.200d_sum,0.9993052540165002,0.24143302180685358,0.2107340173638516,0.9993056588824365,0.24100242496213453,0.21261164120015297,0.9993052540165002,0.24143302180685358,0.2107340173638516,0.9993052406409002,0.23932872668162034,0.21080078315108233,0.9999996710235004,0.5751329558223518,0.5478779447673772
Logistic Regression,glove.840B.300d_mean,0.33608336951802,0.21651090342679127,0.2067876874506709,0.32659118871935267,0.2260973283445063,0.22396297022444472,0.33608336951802,0.21651090342679127,0.2067876874506709,0.32373764575488717,0.2126312675552365,0.2073528729761295,0.6883983768631871,0.580333804002184,0.5667062314500768
Decision Tree,glove.840B.300d_mean,0.9993920972644377,0.21339563862928349,0.19494869771112866,0.9993927626322253,0.21793809426539743,0.2029318998995343,0.9993920972644377,0.21339563862928349,0.19494869771112866,0.9993921368400105,0.21461572297728188,0.19802829871366093,0.9999997166868971,0.5249857079199917,0.5141287431514852
Random Forest,glove.840B.300d_mean,0.9993920972644377,0.21806853582554517,0.23362273086029992,0.9993926689426464,0.22093910363986954,0.2357388430121429,0.9993920972644377,0.21806853582554517,0.23362273086029992,0.999392103922027,0.21191026761311815,0.2250716686935966,0.9999892625417902,0.5708262095111145,0.5631473924159256
SVM,glove.840B.300d_mean,0.494398610508033,0.2336448598130841,0.22573007103393844,0.5114132152611208,0.2565357925578985,0.24771964659968942,0.494398610508033,0.2336448598130841,0.22573007103393844,0.47668036573563155,0.22728926352420395,0.2184504925669272,0.8115169576063567,0.5988854319806379,0.5870453223509292
KNN,glove.840B.300d_mean,0.25835866261398177,0.14719626168224298,0.11049723756906077,0.3394415061636971,0.23718872248822312,0.21661064018155946,0.25835866261398177,0.14719626168224298,0.11049723756906077,0.18797061946033417,0.11535298222742643,0.08597046107055142,0.7312776385832311,0.5508568348597366,0.5481604347449152
Gaussian NB,glove.840B.300d_mean,0.2796352583586626,0.1853582554517134,0.19494869771112866,0.2761205906147634,0.2041518431513844,0.2077561804375835,0.2796352583586626,0.1853582554517134,0.19494869771112866,0.2354524845472172,0.16231801821229003,0.16937362286400964,0.6167227483710258,0.5478679039510063,0.551983453947838
AdaBoost,glove.840B.300d_mean,0.28484585323491096,0.22274143302180685,0.1910023677979479,0.2712382625830305,0.23227531087117126,0.21116851422580538,0.28484585323491096,0.22274143302180685,0.1910023677979479,0.25600536416865205,0.2022250773470891,0.17837371397459484,0.6269067616246223,0.5763320295687547,0.5660814683432781
Extra Trees,glove.840B.300d_mean,0.9993920972644377,0.26246105919003115,0.23914759273875297,0.9993927101589637,0.28396217807058227,0.24866595169884984,0.9993920972644377,0.26246105919003115,0.23914759273875297,0.9993921624342301,0.24908758885792304,0.22517936175108813,0.9999997166868971,0.5980326603465278,0.5808457720602559
XGBoost,glove.840B.300d_mean,0.9993920972644377,0.24143302180685358,0.24704025256511444,0.9993926689426464,0.2421468247623746,0.2478909640761085,0.9993920972644377,0.24143302180685358,0.24704025256511444,0.999392103922027,0.2399875717978393,0.24589530803668308,0.9999997166868971,0.577843711960297,0.5763857281267426
Logistic Regression,glove.840B.300d_max,0.33608336951802,0.21651090342679127,0.2067876874506709,0.32659118871935267,0.2260973283445063,0.22396297022444472,0.33608336951802,0.21651090342679127,0.2067876874506709,0.32373764575488717,0.2126312675552365,0.2073528729761295,0.6883983768631871,0.580333804002184,0.5667062314500768
Decision Tree,glove.840B.300d_max,0.9993920972644377,0.19158878504672897,0.1925808997632202,0.9993927626322253,0.19629558742065412,0.19873372975539927,0.9993920972644377,0.19158878504672897,0.1925808997632202,0.9993921368400105,0.1930549319089353,0.1948247711376106,0.9999997166868971,0.512130072069295,0.5116385705799715
Random Forest,glove.840B.300d_max,0.9993920972644377,0.22118380062305296,0.21941594317284924,0.9993924813674752,0.22246473034230774,0.22340047962258663,0.9993920972644377,0.22118380062305296,0.21941594317284924,0.9993921706427225,0.2137336327956967,0.2119635741193134,0.9999975456056988,0.5647516489330447,0.5698029834982468
SVM,glove.840B.300d_max,0.494398610508033,0.2336448598130841,0.22573007103393844,0.5114132152611208,0.2565357925578985,0.24771964659968942,0.494398610508033,0.2336448598130841,0.22573007103393844,0.47668036573563155,0.22728926352420395,0.2184504925669272,0.8126414792007962,0.5985211946210013,0.5868255818375775
KNN,glove.840B.300d_max,0.25835866261398177,0.14719626168224298,0.11049723756906077,0.3394415061636971,0.23718872248822312,0.21661064018155946,0.25835866261398177,0.14719626168224298,0.11049723756906077,0.18797061946033417,0.11535298222742643,0.08597046107055142,0.7312776385832311,0.5508568348597366,0.5481604347449152
Gaussian NB,glove.840B.300d_max,0.2796352583586626,0.1853582554517134,0.19494869771112866,0.2761205906147634,0.2041518431513844,0.2077561804375835,0.2796352583586626,0.1853582554517134,0.19494869771112866,0.2354524845472172,0.16231801821229003,0.16937362286400964,0.6167227483710258,0.5478679039510063,0.551983453947838
AdaBoost,glove.840B.300d_max,0.28484585323491096,0.22274143302180685,0.1910023677979479,0.2712382625830305,0.23227531087117126,0.21116851422580538,0.28484585323491096,0.22274143302180685,0.1910023677979479,0.25600536416865205,0.2022250773470891,0.17837371397459484,0.6269067616246223,0.5763320295687547,0.5660814683432781
Extra Trees,glove.840B.300d_max,0.9993920972644377,0.23130841121495327,0.23914759273875297,0.9993925338407367,0.22748398166630365,0.23872195997149076,0.9993920972644377,0.23130841121495327,0.23914759273875297,0.9993921526100331,0.21734553719478336,0.22315424691877309,0.9999997166868971,0.5906617491458233,0.5792353216914561
XGBoost,glove.840B.300d_max,0.9993920972644377,0.24143302180685358,0.24704025256511444,0.9993926689426464,0.2421468247623746,0.2478909640761085,0.9993920972644377,0.24143302180685358,0.24704025256511444,0.999392103922027,0.2399875717978393,0.24589530803668308,0.9999997166868971,0.577843711960297,0.5763857281267426
Logistic Regression,glove.840B.300d_sum,0.33608336951802,0.21651090342679127,0.2067876874506709,0.32659118871935267,0.2260973283445063,0.22396297022444472,0.33608336951802,0.21651090342679127,0.2067876874506709,0.32373764575488717,0.2126312675552365,0.2073528729761295,0.6883983768631871,0.580333804002184,0.5667062314500768
Decision Tree,glove.840B.300d_sum,0.9993920972644377,0.18847352024922118,0.19889502762430938,0.9993927626322253,0.19334782452159152,0.2067643061582948,0.9993920972644377,0.18847352024922118,0.19889502762430938,0.9993921368400105,0.1901096614346653,0.20172336433773935,0.9999997166868971,0.5099540286223572,0.5161631333873569
Random Forest,glove.840B.300d_sum,0.9993920972644377,0.23598130841121495,0.22730860299921074,0.9993924813674752,0.23130630009870515,0.23120604101882405,0.9993920972644377,0.23598130841121495,0.22730860299921074,0.9993921706427225,0.2234265101064152,0.21706319943560337,0.9999975912166482,0.5682848359114587,0.5701466761212587
SVM,glove.840B.300d_sum,0.494398610508033,0.2336448598130841,0.22573007103393844,0.5114132152611208,0.2565357925578985,0.24771964659968942,0.494398610508033,0.2336448598130841,0.22573007103393844,0.47668036573563155,0.22728926352420395,0.2184504925669272,0.8108545797995246,0.5993593150419749,0.5870608954853619
KNN,glove.840B.300d_sum,0.25835866261398177,0.14719626168224298,0.11049723756906077,0.3394415061636971,0.23718872248822312,0.21661064018155946,0.25835866261398177,0.14719626168224298,0.11049723756906077,0.18797061946033417,0.11535298222742643,0.08597046107055142,0.7312776385832311,0.5508568348597366,0.5481604347449152
Gaussian NB,glove.840B.300d_sum,0.2796352583586626,0.1853582554517134,0.19494869771112866,0.2761205906147634,0.2041518431513844,0.2077561804375835,0.2796352583586626,0.1853582554517134,0.19494869771112866,0.2354524845472172,0.16231801821229003,0.16937362286400964,0.6167227483710258,0.5478679039510063,0.551983453947838
AdaBoost,glove.840B.300d_sum,0.28484585323491096,0.22274143302180685,0.1910023677979479,0.2712382625830305,0.23227531087117126,0.21116851422580538,0.28484585323491096,0.22274143302180685,0.1910023677979479,0.25600536416865205,0.2022250773470891,0.17837371397459484,0.6269067616246223,0.5763320295687547,0.5660814683432781
Extra Trees,glove.840B.300d_sum,0.9993920972644377,0.24065420560747663,0.23125493291239146,0.9993922759865589,0.24979392366301406,0.2334752531065823,0.9993920972644377,0.24065420560747663,0.23125493291239146,0.9993921197892807,0.22794188953865327,0.21606453855894467,0.9999997166868971,0.5981189957495975,0.5790084557713173
XGBoost,glove.840B.300d_sum,0.9993920972644377,0.24143302180685358,0.24704025256511444,0.9993926689426464,0.2421468247623746,0.2478909640761085,0.9993920972644377,0.24143302180685358,0.24704025256511444,0.999392103922027,0.2399875717978393,0.24589530803668308,0.9999997166868971,0.577843711960297,0.5763857281267426
